Date,Platform,Company,Role,Rate,Status,Follow-up Date,Notes
2026-10-05,Upwork,CloudOps Agency,Cloud Backup Automation Specialist,$30/hr,Applied,2026-10-07,Tailored proposal submitted with rclone-cloud-manager repo link
2026-10-05,Fiverr,Direct Client,Rclone Multi-Cloud Sync Gig,$50 fixed,Gig Active,2026-10-08,Promoting standard gig for Google Drive to S3 automated sync
2026-10-06,Freelancer,DataVault Ltd,Linux Server Cron Backup Setup,$25/hr,Drafting,2026-10-08,Highlighted bash automation & error alerting experience
2026-10-06,Toptal,Enterprise Client,DevOps Data Migration Engineer,$50/hr,Screening,2026-10-10,Screening call scheduled; review STAR questions
2026-10-07,LinkedIn,SaaS Startup,Freelance Cloud Automation Engineer,₹45000/mo,Connected,2026-10-11,Sent connection note to CTO referencing rclone project
2026-10-07,Wellfound,Fintech Inc,Part-time Infrastructure Engineer,$35/hr,Applied,2026-10-12,Emphasized zero-data-loss backup architecture
2026-10-08,RemoteOK,Media Studio,Cloud Asset Sync Engineer,$40/hr,Bookmarked,2026-10-13,Preparing proposal addressing 50TB video migration
2026-10-08,WeWorkRemotely,E-Commerce Brand,Automated Disaster Recovery Specialist,₹50000/mo,Applied,2026-10-14,Proposed monthly retainer with daily audit reports
2026-10-09,PeoplePerHour,Digital Agency,Rclone & Python Scripting Contractor,£30/hr,Proposal Sent,2026-10-15,Attached demo video and GitHub repository link
2026-10-09,Guru,Logistics Firm,Daily Cloud Sync Scheduler,$25/hr,Researching,2026-10-16,Verifying requirement for OneDrive to Amazon S3 sync
